,Date,Ozone_mean,Ozone_min,Ozone_max,Nitric oxide_mean,Nitric oxide_min,Nitric oxide_max,Nitrogen dioxide_mean,Nitrogen dioxide_min,Nitrogen dioxide_max,Nitrogen oxides as nitrogen dioxide_mean,Nitrogen oxides as nitrogen dioxide_min,Nitrogen oxides as nitrogen dioxide_max,Sulphur dioxide_mean,Sulphur dioxide_min,Sulphur dioxide_max,Carbon monoxide_mean,Carbon monoxide_min,Carbon monoxide_max,PM10 particulate matter (Hourly measured)_mean,PM10 particulate matter (Hourly measured)_min,PM10 particulate matter (Hourly measured)_max,Non-volatile PM10 (Hourly measured)_mean,Non-volatile PM10 (Hourly measured)_min,Non-volatile PM10 (Hourly measured)_max,Volatile PM10 (Hourly measured)_mean,Volatile PM10 (Hourly measured)_min,Volatile PM10 (Hourly measured)_max,PM2.5 particulate matter (Hourly measured)_mean,PM2.5 particulate matter (Hourly measured)_min,PM2.5 particulate matter (Hourly measured)_max,Non-volatile PM2.5 (Hourly measured)_mean,Non-volatile PM2.5 (Hourly measured)_min,Non-volatile PM2.5 (Hourly measured)_max,Volatile PM2.5 (Hourly measured)_mean,Volatile PM2.5 (Hourly measured)_min,Volatile PM2.5 (Hourly measured)_max,Modelled Wind Direction_mean,Modelled Wind Direction_min,Modelled Wind Direction_max,Modelled Wind Speed_mean,Modelled Wind Speed_min,Modelled Wind Speed_max,Modelled Temperature_mean,Modelled Temperature_min,Modelled Temperature_max
0,2015-06-01,57.60043709726444,0.44903,96.69167,2.881437756813417,0.23408,49.08874,14.341146163522012,2.59208,53.90238,18.701210524109012,2.95099,111.39308,,,,,,,12.196734059097977,1.8,29.4,9.306220839813374,0.0,24.3,2.8905132192846033,0.0,10.7,8.123802163833076,2.0,23.9,5.317156105100463,0.1,16.0,2.8066460587326123,0.0,8.2,,,,,,,,,
1,2015-07-01,54.25889133233533,1.29721,132.86373,3.758569928741093,0.33303,31.6097,18.60966730952381,3.29428,65.20908,24.271049595238093,3.91011,78.06777,,,,,,,12.485325264750378,2.1,36.7,9.571406959152798,1.3,27.4,2.9139183055975795,0.0,11.1,8.98103186646434,1.0,32.5,5.893778452200303,0.2,23.4,3.0872534142640364,0.0,14.7,,,,,,,,,
2,2015-08-01,45.79080824212272,0.04989,117.44695,4.971742403560831,0.2794,83.18275,19.439237225519285,2.37724,67.51444,27.06246867952522,3.29651,184.80201,,,,,,,10.378486646884273,2.9,28.0,8.220919881305637,1.1,25.7,2.1575667655786352,0.0,6.3,7.385267857142857,0.8,23.2,4.9193452380952385,0.0,19.4,2.465922619047619,0.0,7.2,,,,,,,,,
3,2015-09-01,38.84218179675994,0.34925,113.15619,7.644233265625,0.25039,160.00021,23.763396750000002,2.11857,76.36039,35.484390375,2.99067,309.45158,,,,,,,11.29083044982699,2.0,34.4,8.764359861591696,1.3,31.0,2.526470588235294,0.1,7.6,7.2553911205074,0.1,27.7,6.443763213530656,0.1,27.1,2.66892177589852,0.0,9.1,,,,,,,,,
4,2015-10-01,37.44262915535445,1.04774,92.15145,10.643538791540786,0.21412,195.30379,26.93714925981873,3.62546,76.13376,43.25701385196375,4.08701,364.33316,,,,,,,13.02732142857143,3.4,46.3,10.359464285714287,0.8,44.9,2.6678571428571427,0.0,9.9,7.875491679273828,0.0,34.5,7.987594553706505,0.3,33.3,3.382602118003026,0.0,10.9,,,,,,,,,
5,2015-11-01,27.21622188536953,0.04989,82.5222,12.803352981927713,0.26443,142.14699,34.06586447289157,5.84333,82.55402,53.69739778614458,6.7218,266.362,,,,,,,18.88187134502924,4.6,58.6,14.484405458089668,2.1,47.7,4.397465886939571,0.3,13.9,12.960526315789474,1.1,59.9,10.635448916408668,0.1,54.7,2.325077399380805,0.0,10.0,,,,,,,,,
6,2015-12-01,34.465864586614174,0.04989,74.58929,12.486853431952662,0.45339,330.63179,31.778756351084812,3.77862,101.2138,50.92499704142012,4.79416,608.17548,,,,,,,14.773671497584541,3.9,49.5,12.276328502415458,2.2,43.2,2.4973429951690824,0.0,8.9,9.17736220472441,0.1,54.1,6.7622047244094485,0.0,47.1,2.415157480314961,0.0,9.8,,,,,,,,,
7,2016-01-01,42.450321117021275,0.29936,75.28778,7.5159909574468085,0.53135,205.77914,25.97180269503546,2.76069,85.94265,37.49616085106383,4.16399,401.46626,,,,,,,17.785283687943263,3.4,88.4,15.10886524822695,1.2,86.4,2.676418439716312,0.0,7.8,8.836170212765959,0.4,48.7,6.924645390070922,0.0,46.7,1.9115248226950352,0.0,7.1,,,,,,,,,
8,2016-02-01,32.76029816247582,0.13305,73.1923,27.852260592734225,0.38292,459.74667,37.60524694072658,3.8666,150.33876,80.31145061185468,4.45565,844.71874,,,,,,,13.703722084367246,2.5,44.0,10.914888337468982,0.9,39.1,2.788833746898263,0.0,9.5,8.484229390681003,0.4,41.2,6.462007168458782,0.0,37.4,2.0222222222222226,0.0,8.8,,,,,,,,,
9,2016-03-01,39.187294603481625,0.6985,81.07531,20.940138529980658,0.47148,344.48649,36.173197504835585,3.23723,134.24363,68.28096172147002,3.9933,640.22802,,,,,,,16.959381044487426,3.2,81.0,13.41257253384913,1.6,74.4,3.546808510638298,0.0,13.6,11.72873786407767,0.8,73.6,8.945825242718447,0.1,68.6,2.7829126213592232,0.0,13.4,,,,,,,,,
10,2016-04-01,40.414200905923344,0.49893,79.27918,16.889621291448517,0.52854,291.18624,35.94531518324607,5.21634,155.20368,61.84237253054101,6.02677,601.68302,,,,,,,20.63374125874126,2.2,77.1,15.108041958041957,0.5,64.3,5.5256993006993005,0.0,23.5,16.864912280701756,0.3,80.5,12.165964912280703,0.0,62.9,4.698947368421053,0.0,21.1,,,,,,,,,
11,2016-05-01,51.0836735826087,0.49893,85.21639,7.527743170731707,0.18959,163.52103,22.461649965156795,1.56889,88.21837,34.00402817073171,1.85959,331.18858,,,,,,,12.484265734265735,2.8,38.9,9.32972027972028,0.0,32.7,3.1545454545454548,0.0,9.6,8.33979057591623,0.4,73.4,6.024083769633508,0.0,67.8,2.315706806282723,0.0,9.3,,,,,,,,,
12,2016-06-01,54.786543689604684,0.39914,120.88953,3.951821142020498,0.43468,68.94638,23.121258931185945,2.93234,114.90348,29.18063297218155,3.72077,175.54168,,,,,,,15.180273141122912,2.4,39.0,11.363429438543248,0.4,30.3,3.8168437025796664,0.1,9.6,11.441874084919473,0.9,57.0,7.869106881405564,0.0,41.1,3.572767203513909,0.0,15.9,,,,,,,,,
13,2016-07-01,46.32095106346484,1.54667,119.34286,3.8916027591706537,0.39664,52.82409,19.74892821371611,1.97609,75.16603,25.71596864433812,3.29906,131.42843,,,,,,,13.96513605442177,2.6,41.8,10.607482993197278,1.2,34.7,3.35765306122449,0.2,9.7,10.502407704654896,1.1,54.1,6.440930979133226,0.0,45.6,4.061476725521669,0.6,10.5,,,,,,,,,
14,2016-08-01,40.332021272727275,0.95744,103.90213,3.8069769061583583,0.04615,48.84084,14.531635190615836,0.11618,57.7685,20.369937873900295,1.04948,106.96039,,,,,,,10.086545454545455,3.1,29.2,8.207090909090908,1.5,27.7,1.8794545454545455,0.0,5.4,6.128888888888889,1.6,18.7,4.03037037037037,0.0,15.8,2.0985185185185187,0.1,5.9,,,,,,,,,
15,2016-09-01,45.28309401188707,0.77433,120.51583,4.601722833583208,0.18117,101.32192,16.883724137931033,1.7136,61.0427,23.939600329835084,2.46999,205.49813,,,,,,,13.272672672672673,0.4,45.9,11.160060060060061,0.1,40.4,2.1126126126126126,0.0,8.6,11.015041782729805,1.0,34.1,7.391643454038997,0.0,27.9,3.623398328690808,0.2,12.1,,,,,,,,,
16,2016-10-01,35.768259426644185,0.57626,86.68373,8.152722331081081,0.15176,194.27789,20.62561608108108,1.95792,62.32455,33.12628192567568,2.68945,332.89262,,,,,,,13.066385135135135,1.4,46.6,11.100675675675676,0.5,38.0,1.9657094594594595,0.0,9.3,8.591399662731872,0.5,42.9,5.656661045531197,0.0,32.2,2.9347386172006744,0.0,12.2,,,,,,,,,
17,2016-11-01,24.08650145323741,0.48196,73.85337,18.55700817266187,0.26609,386.41011,30.632000690647484,4.97585,71.66042,59.08568258992806,5.70929,659.64755,,,,,,,17.738880918220946,3.9,97.6,14.408895265423242,1.3,86.6,3.3299856527977045,0.0,12.0,14.17403156384505,2.3,65.1,10.006025824964132,0.0,53.7,4.168005738880918,0.1,12.8,,,,,,,,,
18,2016-12-01,27.691460228013028,0.64062,71.17914,33.565553360522024,0.29374,682.58617,37.16988164763458,5.66801,176.25361,88.63634553017945,6.61215,1222.87115,,,,,,,19.55090016366612,1.2,135.0,16.107201309328968,0.0,121.5,3.443698854337152,0.0,13.9,15.044607843137253,1.4,114.8,10.753921568627451,0.1,100.6,4.290686274509804,0.0,14.3,,,,,,,,,
19,2017-01-01,14.954537830609212,0.34592,78.2953,63.20993736607143,0.35143,516.44145,47.84730474702381,4.56418,133.15303,144.76785677083333,5.10303,921.55725,,,,,,,29.619225037257824,0.3,131.7,24.717287630402385,0.1,119.9,4.901937406855439,0.0,13.6,25.200763358778627,2.8,128.7,19.376488549618323,0.1,114.5,5.824274809160306,0.0,14.2,,,,,,,,,
20,2017-02-01,21.618622121212123,0.80776,69.21986,39.131888477929984,0.26817,497.6437,46.39393870624048,6.0545,142.89339,106.39533085235921,6.80802,887.97614,,,,,,,25.41498127340824,1.4,112.0,20.415168539325844,0.3,105.1,4.999812734082397,0.0,14.4,23.109561752988046,1.6,108.0,17.278884462151396,0.3,97.3,5.830677290836653,0.1,16.3,,,,,,,,,
21,2017-03-01,38.871660474452554,1.44688,80.12735,12.071191005484462,0.10633,379.54092,32.07599513711151,4.06263,121.39642,50.584896087751375,4.9266,703.35104,,,,,,,20.418273092369475,1.6,99.0,16.84859437751004,0.3,91.7,3.569678714859438,0.0,15.9,16.56365853658537,0.7,55.9,12.076341463414634,0.0,45.0,4.487317073170732,0.0,11.5,,,,,,,,,
22,2017-04-01,50.65302013059702,1.49678,87.36177,7.051429665427509,0.07203,186.433,23.343739386617102,3.20774,92.86287,34.15578007434944,3.89289,357.52084,,,,,,,16.538326848249028,2.6,71.1,13.901556420233462,1.1,57.2,2.636770428015564,0.0,16.1,11.374721189591078,0.6,60.5,7.853903345724906,0.1,46.1,3.5208178438661712,0.0,15.7,,,,,,,,,
23,2017-05-01,58.84851368336026,1.49678,103.82629,5.676328772213247,0.10228,125.80704,19.233761680129238,3.36409,78.51625,27.93734331179321,4.61677,247.34745,,,,,,,15.281685575364667,2.0,64.8,12.812479740680713,0.4,46.7,2.4692058346839545,0.0,19.0,10.528917609046848,1.3,58.0,7.318578352180936,0.0,39.2,3.210339256865913,0.0,18.9,,,,,,,,,
24,2017-06-01,58.90844474719101,2.6942,106.86974,3.0358024613220818,0.15342,85.42914,15.87902687763713,1.55343,55.89712,20.533858312236287,2.0698,169.98013,,,,,,,15.052394366197184,2.5,55.2,12.321830985915494,0.4,45.5,2.73056338028169,0.0,14.3,10.048174157303372,1.4,40.0,6.867837078651685,0.2,27.1,3.1803370786516854,0.1,13.7,,,,,,,,,
25,2017-07-01,54.61386963133641,5.43828,139.29986,2.8871999078341015,0.22576,31.09519,13.622276712749617,0.97601,52.04725,18.049254470046083,1.6567,89.43376,,,,,,,13.840245775729647,2.3,38.4,11.438709677419356,0.4,33.7,2.401536098310292,0.0,10.2,8.737781350482315,0.9,29.9,6.039549839228296,0.0,24.7,2.6982315112540194,0.0,7.4,,,,,,,,,
26,2017-08-01,44.0196150916497,2.19527,121.33856,3.386258309409888,0.27014,77.34197,14.656044641148325,1.89781,70.45877,19.848233827751194,3.25154,184.78972,,,,,,,11.62763915547025,2.6,35.2,9.67236084452975,0.9,30.4,1.9552783109404992,0.0,7.4,6.861434977578475,0.9,19.6,5.3847533632286995,0.0,17.6,1.4766816143497759,0.0,6.3,,,,,,,,,
27,2017-09-01,41.575700496350365,1.64645,117.49684,5.521582932551319,0.28146,91.9325,17.753331920821115,1.19351,77.14553,26.219640278592376,1.95757,214.5491,,,,,,,11.043065693430657,2.3,36.5,9.123941605839416,0.3,33.2,1.9191240875912408,0.0,6.4,6.566812865497075,1.2,24.8,4.7820175438596495,0.0,22.7,1.7847953216374268,0.0,5.0,,,,,,,,,
28,2017-10-01,39.73863112561174,1.79613,72.19445,7.0613981566068516,0.22402,187.30418,20.835941288743882,1.33667,62.07211,31.663266362153344,2.01876,327.42357,,,,,,,13.674545454545456,1.4,63.4,11.016033057851239,0.5,44.5,2.6585123966942152,0.0,19.8,9.039052287581699,0.2,58.0,6.303104575163399,0.0,40.7,2.7359477124183007,0.0,18.6,,,,,,,,,
29,2017-11-01,40.06672179604262,2.75217,76.04489,9.610188419452887,0.14358,222.08362,21.834239741641337,1.72425,72.38151,36.56965585106383,2.67659,398.99377,,,,,,,15.33920972644377,1.6,154.9,12.759422492401217,0.0,154.4,2.5797872340425534,0.0,10.2,8.78951367781155,1.1,36.9,6.464741641337386,0.0,32.6,2.3247720364741644,0.0,9.2,,,,,,,,,
30,2017-12-01,32.02361579931973,2.70466,78.9344,36.49915417376491,0.06685,432.66315,36.81676190800681,2.44492,120.00478,92.78135018739353,2.54742,783.41236,,,,,,,18.668267581475128,2.6,103.3,15.641852487135507,0.5,101.9,3.026415094339623,0.0,12.1,13.197605893186005,1.5,73.8,10.152302025782689,0.0,69.5,3.0453038674033146,0.0,10.4,,,,,,,,,
31,2018-01-01,35.39323611353712,2.91535,84.0439,32.29263665938865,0.38526,566.40588,36.46938508733625,1.85893,130.75877,85.98406978165939,2.8386,999.23568,,,,,,,15.161269146608314,0.5,84.7,13.30393873085339,0.0,79.6,1.8573304157549233,0.0,6.1,11.942105263157895,0.3,95.9,9.103728070175439,0.0,90.7,2.838377192982456,0.0,8.2,,,,,,,,,
32,2018-02-01,38.919076159999996,2.07104,83.52618,32.35430600161551,0.20813,465.30242,36.16719248788369,0.38526,160.77226,85.77643600969306,1.13614,853.0298,,,,,,,20.553270623742456,1.1,92.2,15.864921465968585,0.4,82.0,2.899214659685864,0.0,11.3,14.613350785340314,0.5,88.6,11.056544502617802,0.0,78.9,3.5568062827225133,0.0,12.9,,,,,,,,,
33,2018-03-01,40.888020175824174,2.72185,76.68307,25.79178142857143,0.04504,407.00068,45.30891737213404,4.41945,180.47462,84.85576338624338,5.50116,804.53363,,,,,,,22.28384372003835,1.4,98.552,12.993390191897653,0.3,46.4,2.6473347547974413,0.0,10.8,12.718763326226014,0.9,45.5,8.907889125799574,0.0,37.7,3.810874200426439,0.0,12.2,,,,,,,,,
34,2018-04-01,52.8483855,3.39094,91.29316,22.951847398971346,0.04609,330.85846,38.91185044182622,3.87513,160.8129,74.17933252577319,4.41447,623.84515,,,,,,,21.913476470588236,0.1,81.161,15.297734627831716,0.1,63.4,2.842556634304207,0.0,13.2,14.238735818476497,0.3,57.3,10.33387358184765,0.0,44.7,3.9048622366288495,0.0,15.2,,,,,,,,,
35,2018-05-01,61.577895692068424,3.21789,107.37482,15.37614749632893,0.0,191.21863,33.01120024963289,3.06816,138.33054,56.58763032305433,3.68795,403.41351,,,,,,,21.217261922230374,1.4,117.876,13.465426356589148,0.0,43.4,4.394728682170543,0.0,17.8,14.018759689922481,0.6,49.7,9.06294573643411,0.0,35.8,4.955813953488372,0.0,17.2,,,,,,,,,
36,2018-06-01,67.59000892330384,2.79776,152.76852,17.00351342253521,0.1789,219.30123,37.93028844366197,3.09793,142.17521,64.0019778169014,3.53526,447.12697,,,,,,,27.600703756201277,3.8,106.1,18.300149253731345,0.7,101.1,6.111492537313433,0.0,23.1,17.210044313146234,1.2,49.8,11.767060561299852,0.1,38.7,5.4429837518463815,0.0,14.9,,,,,,,,,
37,2018-07-01,63.73519910369068,3.36202,148.2284,15.97142010878011,0.04883,133.09951,32.89074114219114,1.68969,124.87782,57.37990965811966,2.47647,306.34623,,,,,,,20.326014790468363,1.4,102.417,12.068374558303887,0.0,44.5,2.988162544169611,0.0,11.3,11.406890459363957,2.1,26.7,7.847703180212014,0.2,21.3,3.5591872791519434,0.1,11.2,,,,,,,,,
38,2018-08-01,68.25105438554218,2.99355,162.38908,12.839913966431096,0.24764,131.01544,29.573801590106008,1.97315,123.05795,49.26139422261484,2.71563,290.7887,,,,,,,20.485864490603362,2.899,109.181,14.468876080691642,3.3,69.7,1.7636887608069165,0.0,6.5,12.77179487179487,2.6,73.0,9.815384615384614,1.8,69.3,2.9564102564102566,0.1,8.1,,,,,,,,,
39,2018-09-01,,,,17.297105883280757,0.1494,253.92012,29.19067012618296,3.50515,103.50714,55.71252813880126,4.73765,472.01824,,,,,,,14.081047685834502,0.0,35.749,,,,,,,,,,,,,,,,247.4702380952381,3.8,353.3,3.948611111111111,0.0,8.7,14.366666666666667,5.8,20.3
40,2018-10-01,43.16766096774194,1.64411,84.32681,24.405341536905965,0.05976,274.27515,36.44111837209302,0.57375,115.02339,73.86211951466127,1.33875,533.82059,,,,,,,17.725048941798942,2.5,55.073,12.278070175438597,0.0,36.3,1.1719298245614034,0.0,4.3,11.424778761061948,2.6,29.7,9.149557522123894,1.2,27.0,2.2752212389380535,0.0,5.1,206.55041666666665,0.2,359.5,3.8315277777777776,0.4,10.4,12.132361111111111,3.5,19.4
41,2018-11-01,33.32793169950739,2.82384,80.57003,33.85072934782609,0.09137,463.14155,41.020540660869564,0.81229,139.68272,92.92426797391303,2.37651,849.25372,,,,,,,19.601170194003526,2.2,108.9,12.498522167487684,0.2,101.7,1.6110837438423646,0.0,6.5,12.751970443349753,0.5,52.8,9.372413793103448,0.0,49.4,3.3795566502463052,0.0,9.4,177.96430555555557,1.2,358.7,4.306666666666667,0.0,13.1,9.216666666666667,-0.2,19.5
42,2018-12-01,28.838735132924334,3.21145,77.57098,32.7932843946932,0.0,300.73807,39.52733289386401,1.61749,125.0381,89.80966688225539,2.18713,580.50314,,,,,,,21.738504991680532,0.966,70.533,14.415702479338842,0.2,51.1,2.8239669421487603,0.0,10.9,16.44282786885246,1.9,46.9,11.880942622950819,0.0,41.0,4.561885245901639,0.3,12.1,157.09944444444446,12.5,327.1,5.933472222222223,0.5,15.4,7.53125,-0.4,13.3
43,2019-01-01,36.13582965376782,4.45575,80.76464,20.81980744318182,0.16631,476.90516,34.30315650974026,1.94947,158.82687,66.22641521103895,2.66519,890.07124,,,,,,,16.9232842019544,0.0,73.4,11.414897959183675,0.0,65.6,2.103061224489796,0.0,8.2,11.626326530612245,1.1,36.7,7.972040816326531,0.0,29.6,3.654285714285714,0.1,9.7,211.4836820083682,30.9,314.7,5.604044630404463,0.5,13.7,7.130264993026499,-1.8,13.3
44,2019-02-01,32.050526730103805,1.44688,76.98393,39.655074345509895,0.06283,372.13332,44.89939213089802,2.64596,131.4499,105.70299133181126,3.34627,702.04637,,,,,,,19.123757220216607,1.2,62.803,12.98361344537815,0.1,48.2,2.0756302521008405,0.0,12.6,13.476200417536536,2.5,49.9,10.244885177453028,0.0,38.7,3.2313152400835072,0.0,11.2,229.07607526881722,0.0,359.5,4.463172043010752,0.0,13.7,3.483467741935484,-3.5,9.7
45,2019-03-01,32.99169392156863,1.24731,80.32693,38.00712581494058,0.12169,541.00102,41.47804520373514,2.29646,147.26676,99.75482483870967,2.97211,976.79009,,,,,,,27.413337088388218,0.2,153.626,20.495490196078432,0.0,76.7,4.04156862745098,0.0,14.8,20.844901960784313,2.5,81.2,15.33,0.1,66.0,5.5149019607843135,0.2,16.6,199.59781746031746,0.9,359.5,5.567063492063492,0.5,13.5,5.673611111111111,-3.9,10.9
46,2019-04-01,53.898257354260096,2.19527,90.70457,15.318434612141653,0.08864,304.30377,31.550135573355817,0.65838,129.61728,55.03807439291737,1.72125,596.20989,,,,,,,20.013570945945947,0.8,99.519,14.61438202247191,0.0,84.6,2.564494382022472,0.0,12.3,12.713004484304932,0.6,45.6,8.721748878923767,0.3,38.4,3.991255605381166,0.0,12.8,233.82672413793102,0.2,358.9,5.6834770114942526,0.1,16.1,6.552729885057471,0.5,11.5
47,2019-05-01,59.02759658031088,2.19527,139.74889,18.157042226502313,0.27656,220.98162,38.76212795069337,2.79225,145.29761,66.6025380431433,4.3605,449.79382,,,,,,,29.500155864197527,0.1,95.654,18.643079584775087,0.0,54.0,5.9442906574394465,0.0,23.5,23.375474956822107,2.2,71.9,15.811571675302245,0.0,50.1,7.5639032815198615,0.5,24.0,145.41666666666666,1.0,359.1,4.0392241379310345,0.0,12.7,7.207327586206897,-1.8,20.2
48,2019-06-01,58.324615857385396,3.19312,110.06286,12.958814198473284,0.30107,182.01472,31.30278051145038,3.114,123.8888,51.17268464885496,4.4186,369.79739,,,,,,,17.467885823754788,0.8,80.195,9.115986394557822,0.0,47.6,4.1430272108843536,0.0,21.7,10.30679117147708,1.4,30.0,6.842444821731749,0.2,20.9,3.4643463497453313,0.0,10.7,202.2263888888889,0.5,360.0,3.2975,0.0,8.3,9.242222222222221,-0.6,17.1
49,2019-07-01,50.59936885057472,2.59441,128.72265,14.085217854039966,0.19422,155.69461,26.37833073848827,2.54509,94.46484,47.9753629018245,3.32573,314.85944,,,,,,,16.433922522522522,0.7,105.316,8.675830815709968,0.0,35.0,1.394259818731118,0.0,6.0,8.96412037037037,0.0,29.7,6.722658610271902,0.9,23.1,2.86797583081571,0.1,7.8,170.7032986111111,0.9,358.1,4.159375000000001,0.3,10.6,12.753298611111111,4.0,24.9
50,2019-08-01,48.74566259668509,1.89592,106.96952,10.839060074404761,0.10289,154.48755,22.694971800595237,2.01999,108.57418,39.314631279761905,2.71903,319.81687,,,,,,,16.409176174496647,1.932,124.64,,,,,,,7.070967741935484,0.0,87.0,,,,,,,216.09245283018868,0.3,359.0,3.4522911051212937,0.2,9.3,14.974932614555255,7.0,25.1
51,2019-09-01,47.491571857923496,2.24516,91.70242,13.938419149797571,0.11818,152.42589,26.730421214574896,1.99956,98.74531,48.102364858299595,2.77057,292.70543,,,,,,,15.063195913461538,0.0,52.175,,,,,,,7.622950819672131,0.0,23.0,,,,,,,220.7056603773585,4.7,359.9,4.270215633423181,0.1,11.0,14.699460916442048,8.6,21.9
52,2019-10-01,38.64380753267974,1.24731,97.53984,14.967569495665881,0.0,238.30053,27.50607487785658,2.80834,94.83916,50.45602754137116,3.82969,437.45548,,,,,,,15.229064153969526,0.0,48.31,,,,,,,4.384769539078157,0.0,21.0,,,,,,,205.58317107093183,0.7,358.4,4.253407510431154,0.3,11.2,12.936439499304589,5.7,19.0
53,2019-11-01,30.82021872029251,0.94796,66.05767,27.591417828793773,0.14815,229.56076,33.39175972762646,1.63182,103.29201,75.698009307393,2.1997,424.86566,,,,,,,17.26638003502627,0.966,57.006,,,,,,,6.764192139737991,0.0,43.0,,,,,,,182.4548387096774,0.8,359.5,5.0229838709677415,0.1,15.4,10.035618279569892,2.5,17.8
54,2019-12-01,27.739056427432217,1.47802,77.49024,31.693529300595237,0.03628,317.95692,36.04641890472618,2.54566,112.77989,84.99345405101276,2.71127,563.02568,,,,,,,19.13148401486989,1.932,79.228,,,,,,,11.437898089171975,0.0,80.0,,,,,,,160.49583333333334,1.5,357.6,5.164798850574712,0.2,15.5,6.407040229885058,0.4,13.8
55,2020-01-01,38.334844224021595,1.26687,85.67211,33.48166593429158,0.0,462.80788,34.92738702054795,2.91441,130.6708,86.27257267808218,3.47149,822.32331,,,,,,,20.0201006076975,0.966,76.33,,,,,,,12.344173441734418,0.0,54.0,,,,,,,211.0146505376344,15.9,356.9,5.721774193548387,0.0,15.4,5.708064516129032,-2.7,12.1
56,2020-02-01,43.81341351540616,0.63344,82.66329,30.4004168943662,0.03122,478.43659,32.24630096478873,1.1357,148.32058,78.85962275352112,1.47078,881.91312,,,,,,,19.97762619808307,1.932,97.586,,,,,,,12.565560821484992,0.0,85.0,,,,,,,216.12694444444443,0.6,359.2,5.351805555555556,0.1,16.3,5.850694444444445,-2.5,12.5
57,2020-03-01,60.8606146618705,0.68622,93.64283,8.966840221075902,0.09364,246.3596,20.022818481945468,1.62953,116.18034,33.77178107590273,2.66342,493.92645,,,,,,,18.705123456790126,0.0,57.972,,,,,,,10.178674351585014,0.0,41.0,,,,,,,243.90624092888243,9.4,356.4,8.350653120464441,0.1,18.2,6.251814223512337,-0.1,12.8
58,2020-04-01,61.382140717185386,0.68622,101.87749,10.436511617946975,0.03262,394.68982,22.750908429639704,0.52573,149.88404,38.7533352957172,1.91288,755.06666,,,,,,,18.929786909090907,0.0,69.566,,,,,,,8.767751479289942,0.0,51.0,,,,,,,170.47970430107526,0.1,356.9,6.288172043010753,1.0,13.3,5.69744623655914,-1.6,13.1
59,2020-05-01,71.76119747559275,2.05866,146.95696,6.1720732430506065,0.06359,134.70055,19.1283474554526,0.73715,78.42981,28.592060648610122,0.86716,280.52887,,,,,,,24.49481463414634,2.899,162.418,,,,,,,14.100840336134453,1.0,64.0,,,,,,,139.70763888888888,0.6,357.7,4.038611111111111,0.4,11.4,9.300972222222223,-0.9,19.7
60,2020-06-01,75.09527346774193,7.75958,152.65788,4.772974757894737,0.0,98.08065,14.464511817543858,0.32339,81.58083,21.78297029473684,0.71517,213.1706,,,,,,,20.10996900269542,1.063,138.263,,,,,,,9.775815217391305,1.0,51.0,,,,,,,166.43494623655914,1.0,359.6,4.15255376344086,0.2,12.3,11.484139784946237,0.5,22.1
61,2020-07-01,66.39174135097493,7.28451,153.7136,5.788811090520314,0.0,106.96936,15.925043300071275,0.28826,91.3802,24.80109598717035,1.35481,241.47504,,,,,,,16.355863955119215,0.097,145.027,,,,,,,7.6199158485273495,1.0,28.0,,,,,,,194.5732590529248,0.6,359.6,4.4491643454039,0.2,12.6,14.109470752089138,6.3,27.0
62,2020-08-01,43.49763504774898,0.89737,136.29414,5.8344684404924765,0.03409,165.46268,11.273324346338125,0.07001,74.00788,20.224097659137577,0.96712,316.60436,,,,,,,11.693280439905735,0.0,59.035,,,,,,,7.302690582959642,1.0,21.0,,,,,,,245.3503486750349,0.1,359.5,4.621757322175733,0.6,11.7,14.897768479776849,7.8,26.7
63,2020-09-01,47.700371614285714,0.09979,145.6861,9.466952054129077,0.0,145.58813,18.49544346981263,0.08724,101.84535,33.01123347675226,0.33733,281.16616,,,,,,,17.580725806451614,0.0,57.102,,,,,,,8.781204111600587,0.0,37.0,,,,,,,174.8342741935484,0.7,358.5,4.441397849462366,0.1,13.7,16.541263440860217,7.0,29.3
64,2020-10-01,43.89622117977528,0.0,118.29512,13.649489202239328,0.0,228.91691,25.049461966410075,0.34608,131.13559,45.978386249125265,0.6303,433.53078,,,,,,,18.49221257062147,0.0,67.634,,,,,,,7.853727144866386,0.0,37.0,,,,,,,209.9838664812239,1.8,359.0,4.012795549374131,0.1,10.0,13.205702364394993,4.9,23.6
65,2020-11-01,40.67358099050203,0.34925,68.30283,12.150857251908398,0.0643,197.31985,23.60579165857044,0.45077,93.6932,42.23684512838307,1.79959,396.24608,,,,,,,14.494307744565218,1.932,39.614,,,,,,,5.909836065573771,0.0,35.0,,,,,,,203.5,2.3,359.7,5.491954022988506,0.3,14.7,9.995689655172415,3.5,15.8
66,2020-12-01,34.07483653631285,0.84817,76.13596,29.987329408831908,0.16421,333.39413,29.79741544159544,0.72047,117.54918,75.7773451994302,1.86777,615.38425,,,,,,,24.39584142857143,0.0,257.009,,,,,,,14.46704067321178,0.0,227.0,,,,,,,194.48791666666665,1.2,359.4,5.418472222222222,0.1,15.4,8.189444444444444,0.8,15.9
67,2021-01-01,31.3134072,0.99785,72.84305,27.594716218727662,0.0,327.75255,31.599063052180128,0.31886,109.19719,73.91037042887777,1.53919,563.18489,,,,,,,17.255007697690694,0.0,211.598,,,,,,,9.363241678726483,0.0,203.0,,,,,,,201.23798882681564,0.2,359.9,5.3856145251396645,0.0,16.0,5.498324022346369,-3.1,12.8
68,2021-02-01,38.06675011363637,0.39914,77.33338,25.506290673835124,0.0,473.30282,29.32454556989247,0.50995,113.42562,68.43364533333333,1.94498,835.80815,,,,,,,15.762280612244897,0.338,206.767,,,,,,,9.143312101910828,0.0,196.0,,,,,,,185.33649425287356,0.1,359.1,5.4030172413793105,0.1,13.6,3.3856321839080463,-5.0,11.2
69,2021-03-01,48.75288563636364,0.44903,80.32693,14.440271738437003,0.12571,288.22755,25.664388588516747,1.04764,90.17674,47.80582925039872,1.69299,512.19129,,,,,,,19.080950263752825,0.988,82.127,,,,,,,8.150227617602427,0.0,64.0,,,,,,,168.53333333333333,11.4,341.4,6.479166666666667,0.0,13.4,4.500595238095238,-4.7,12.5
70,2021-04-01,50.52476967032967,0.6486,100.93253,17.615375414099933,0.04276,286.89497,27.41581850787132,0.25485,115.41747,54.42578195756331,1.21369,505.48393,,,,,,,23.71957300275482,0.966,96.122,,,,,,,11.851444291609354,0.0,73.0,,,,,,,197.60416666666666,0.5,359.6,5.213037634408602,0.1,15.5,6.014112903225806,-4.2,17.9
71,2021-05-01,60.12349381635582,0.84817,111.95877,17.632741907801417,0.38614,344.72722,31.76763804964539,0.86243,97.04734,58.80413121985816,1.91942,613.03205,,,,,,,21.218713068181817,0.728,69.31,,,,,,,9.360632183908047,0.0,44.0,,,,,,,152.87445742904842,0.3,359.6,3.614190317195326,0.1,9.6,5.274624373956594,-2.1,14.9
72,2021-06-01,62.543603051771115,0.74839,107.81769,8.634816586867304,0.14324,178.72643,20.36288982794219,1.00311,82.6577,33.67679090846524,2.16938,323.57304,,,,,,,15.149945479641133,0.0,77.296,,,,,,,6.825136612021858,0.0,72.0,,,,,,,210.24387186629528,0.8,359.6,4.883426183844011,0.0,13.2,9.418941504178273,-1.1,20.9
73,2021-07-01,52.63188398868458,1.3471,124.88093,10.669481303735024,0.16456,190.87714,18.051048217054262,0.30505,86.79754,34.41211501057082,0.94187,335.60637,,,,,,,16.28276002814919,1.546,67.025,,,,,,,7.766619519094767,0.0,25.0,,,,,,,178.16972222222222,0.3,358.7,3.2663888888888892,0.0,7.7,13.814722222222223,5.3,23.7
74,2021-08-01,52.99162088315218,1.3471,129.42115,8.118039380165289,0.0,118.70315,18.18791953168044,1.04919,84.32005,30.635405509641874,1.99417,232.74898,,,,,,,17.194689358372457,0.966,86.958,,,,,,,8.496206373292868,0.0,31.0,,,,,,,203.1985119047619,1.0,358.1,3.5458333333333334,0.0,9.6,15.859375,9.7,26.9
75,2021-09-01,47.142340477528094,0.6985,93.19919,10.842029803389831,0.0,131.67074,20.044519355932202,2.47919,81.62225,36.668732440677964,2.79167,244.22736,,,,,,,12.667124741557545,0.0,50.242,,,,,,,6.490427098674521,0.0,31.0,,,,,,,181.15153203342618,0.3,357.0,4.030222841225626,0.1,9.8,14.384679665738162,8.0,21.2
76,2021-10-01,50.764412053072625,0.59871,125.13039,14.12971632610217,0.03483,210.09081,25.15793531140658,2.74265,98.00772,46.68132241427571,2.7961,373.68421,,,,,,,16.224659678546473,0.097,50.242,,,,,,,9.583450210378682,0.0,38.0,,,,,,,187.31346749226006,1.1,357.9,3.7524767801857584,0.2,11.2,13.915170278637772,7.3,24.7
77,2021-11-01,44.42437419178082,0.59871,79.57854,12.178378676789588,0.0,245.99277,23.726378872017357,2.45105,67.45326,42.3996318076645,2.71984,413.36022,,,,,,,12.884411284840246,0.0,48.31,,,,,,,7.380300957592339,0.0,40.0,,,,,,,216.6300134589502,0.2,359.4,4.981965006729475,0.4,12.9,11.307133243607,5.2,17.7
78,2021-12-01,36.93066915254237,0.44903,74.73896,28.899920536344393,0.04692,320.7897,30.774787466478475,1.35503,82.04183,75.08738017642908,1.84304,561.55125,,,,,,,16.955129464285715,0.097,63.769,,,,,,,9.33805031446541,0.0,43.0,,,,,,,204.79555555555555,0.0,359.9,4.434027777777778,0.0,18.2,6.742916666666666,-2.0,12.4
79,2022-01-01,37.95340560875513,0.89807,84.76736,18.689206968048946,0.07064,321.62237,29.06412808293678,2.30238,78.30233,57.72051193745751,2.89647,564.43625,,,,,,,15.582546938775511,1.256,65.991,,,,,,,7.79343365253078,0.0,49.0,,,,,,,205.080376344086,2.9,359.5,5.60510752688172,0.7,12.9,6.604032258064516,-0.6,13.5
80,2022-02-01,33.59951701778386,0.44903,80.02757,48.72853214482759,0.1069,453.91598,35.58777726896552,1.77628,92.53414,110.30381737241379,2.04661,765.36528,,,,,,,23.704541565778854,0.0,98.552,,,,,,,14.445324881141046,0.0,85.0,,,,,,,224.33728129205923,2.5,357.5,4.140915208613728,0.1,12.1,3.939030955585464,-2.1,11.9
81,2022-03-01,62.323909923896494,1.14753,86.81295,5.493135442291491,0.14219,282.55362,17.915409258635215,1.41329,81.53329,26.338098761583822,1.7807,514.77613,,,,,,,17.291212717638153,0.29,80.484,,,,,,,5.9525993883792045,0.0,25.0,,,,,,,251.81597014925376,19.1,349.3,7.628805970149254,1.4,19.0,6.494029850746268,0.0,11.9
82,2022-04-01,50.96671598630137,0.49893,122.78544,15.966722328956461,0.10708,254.57262,32.541388659295094,2.61993,122.16468,57.02335410504492,4.21773,470.42267,,,,,,,25.763070028011203,0.29,82.417,,,,,,,13.477366255144032,0.0,52.0,,,,,,,140.19811827956988,1.1,359.1,5.045833333333333,0.0,10.7,6.549193548387097,-1.3,15.2
83,2022-05-01,61.71026502177069,1.29721,105.47275,12.679228843683084,0.0,178.23398,27.592027980014276,0.82214,95.64968,47.03324034975018,2.39696,335.51611,,,,,,,20.708537970191625,2.222,55.363,,,,,,,9.157742402315485,0.0,46.0,,,,,,,155.81810344827585,0.4,356.5,4.463649425287356,0.0,13.5,7.677586206896552,-3.0,18.4
84,2022-06-01,57.85870463768116,0.94796,92.40091,6.924028449074075,0.0,137.76493,19.33202900462963,2.34866,70.71174,29.948723819444442,2.56292,268.98328,,,,,,,17.20608352402746,2.899,52.465,,,,,,,7.1934477379095165,0.0,46.0,,,,,,,223.22862903225808,1.5,357.1,4.056317204301076,0.1,9.2,11.658467741935484,2.8,20.9
85,2022-07-01,57.61366800285307,1.06437,128.3734,8.695545067043048,0.0,113.01333,20.978615928016936,1.88957,94.0851,34.311598186309105,2.1048,230.24673,,,,,,,15.449515714285715,0.0,36.716,,,,,,,7.133047210300429,0.0,28.0,,,,,,,186.82543103448276,0.8,359.9,4.0375,0.0,10.1,13.578879310344828,5.3,25.7
86,2022-08-01,54.9426919020979,1.29721,148.28051,6.687198171070931,0.0,124.36512,18.791483497913767,1.47454,85.62663,29.045043789986092,1.605,246.67961,,,,,,,14.451604534005039,0.0,46.378,,,,,,,5.970358814352574,0.0,24.0,,,,,,,211.58472972972976,0.2,360.0,3.587162162162162,0.1,8.7,16.510675675675675,8.3,29.7
87,2022-09-01,59.98466931286549,1.09763,178.21601,7.634932244177841,0.0,109.87784,21.43765621030346,0.72051,92.78476,33.144388447424134,2.57278,195.79919,,,,,,,17.63041242937853,0.966,54.107,,,,,,,6.670118343195266,0.0,26.0,,,,,,,164.71551956815114,0.3,359.4,3.3508771929824563,0.1,7.1,17.29298245614035,8.4,28.2
88,2022-10-01,45.24414577211394,0.44903,113.95447,14.581106283185841,0.0,207.86862,24.160053119469026,2.30568,69.81453,46.5174366740413,2.30568,350.33635,,,,,,,15.710899129172713,0.0,50.242,,,,,,,6.341653666146646,0.0,35.0,,,,,,,191.13175487465182,0.1,360.0,3.7544568245125345,0.0,10.2,13.359192200557102,6.0,22.2
89,2022-11-01,41.085482277091906,0.34925,73.29208,12.152771481985043,0.0,150.0334,24.18852856560163,1.7047,64.84827,42.822517362338544,1.85281,273.22065,,,,,,,18.938424201223658,0.966,53.141,,,,,,,6.798076923076923,0.0,33.0,,,,,,,197.1063172043011,1.0,359.9,5.156854838709677,0.1,10.8,12.330510752688172,4.4,17.7
90,2022-12-01,39.50058929799427,0.49893,79.77811,15.492257174076864,0.0,316.18139,26.210374325546343,1.24654,71.44483,49.96483663149962,1.59971,547.55434,,,,,,,16.49691084945332,0.0,70.533,,,,,,,7.922610015174507,0.0,59.0,,,,,,,214.27943368107302,0.7,354.6,5.899701937406856,0.2,13.7,8.702086438152012,1.0,15.1
91,2023-01-01,29.81438516304348,0.24946,82.92134,35.006681597269626,0.07012,471.49926,34.27836633447099,1.44172,118.113,87.95452896928327,1.92477,818.02999,,,,,,,20.931914675767917,0.0,107.248,,,,,,,12.796042617960426,0.0,93.0,,,,,,,157.4289402173913,2.8,358.4,4.938315217391304,0.0,13.4,3.4676630434782605,-6.0,13.0
92,2023-02-01,43.1554145467033,0.19957,83.56994,19.53669325209444,0.13214,322.25425,27.283975643564357,0.50582,92.34342,57.23982031987814,1.0758,575.61786,,,,,,,18.831010629599348,0.0,105.316,,,,,,,9.995073891625616,0.0,97.0,,,,,,,219.91965006729473,0.8,359.4,5.647240915208613,0.0,15.0,4.4755047106325705,-3.8,11.9
93,2023-03-01,44.8633218597561,0.34925,81.22499,18.48630889757623,0.0,246.2984,27.603208545738855,1.64762,95.68252,55.94848608287725,1.90342,452.94027,,,,,,,21.983975,0.0,96.62,,,,,,,12.03206106870229,0.0,69.0,,,,,,,182.83122102009273,2.3,359.4,4.595363214837712,0.4,11.3,4.902782071097373,-2.3,10.9
94,2023-04-01,58.920512133712656,0.6486,90.90414,9.311487926490985,0.06343,133.54232,22.427980145631068,1.31061,80.43373,36.705395194174756,1.89417,285.19576,,,,,,,15.7731121751026,0.0,95.654,,,,,,,7.368421052631579,0.0,37.0,,,,,,,190.7366935483871,2.5,359.8,6.088844086021506,0.6,13.6,6.328360215053764,-2.3,13.9
95,2023-05-01,60.326428056338024,0.49893,107.56823,8.827369613492621,0.04269,154.89163,24.259368988053406,1.54502,81.98673,37.79447955024596,1.87252,295.4281,,,,,,,17.382103085553997,0.0,56.04,,,,,,,9.628691983122362,0.0,33.0,,,,,,,170.9,1.7,359.8,4.430543933054393,0.1,14.5,7.4281729428172945,-0.9,16.1
96,2023-06-01,63.80412593243243,1.39699,103.57683,7.579601170798899,0.08498,131.4559,19.54851329201102,0.65027,74.96387,31.170405633608812,0.97778,260.3151,,,,,,,17.456570735090153,0.0,72.465,,,,,,,7.76319350473613,0.0,58.0,,,,,,,140.16666666666666,0.0,359.9,3.912280701754386,0.0,8.5,11.184615384615384,2.4,19.0
97,2023-07-01,75.13774500723589,2.54452,162.44998,4.734010444444444,0.0,46.88373,14.978203230158728,0.99095,92.67353,22.23691711111111,1.2527,138.46841,,,,,,,19.336148355493354,1.932,79.228,,,,,,,6.862275449101796,0.0,18.0,,,,,,,160.78305555555556,0.2,359.9,3.7127777777777777,0.1,8.5,15.261111111111111,5.5,25.3
98,2023-08-01,53.8309638028169,37.36948,77.78241,4.829070995162405,0.08661,126.17381,12.132994630269524,0.26907,52.07264,19.53746595715273,0.67671,230.27893,,,,,,,13.689990483743061,0.0,74.397,,,,,,,,,,,,,,,,237.8700819672131,2.8,358.9,5.046174863387979,0.0,12.7,14.95792349726776,7.4,23.3
99,2023-09-01,49.32698346260388,0.29936,92.80005,5.902583295932679,0.0,137.97762,13.75314211079944,0.37835,57.65769,22.80364262973352,0.63788,256.57326,,,,,,,11.509744784422809,0.0,95.654,,,,,,,4.012195121951219,0.0,13.0,,,,,,,240.25710382513662,2.7,356.9,4.091530054644808,0.1,10.4,15.172267759562843,8.1,24.1
100,2023-10-01,51.70748714084507,1.26394,149.12868,8.566071249122807,0.0,187.28039,22.7134258245614,0.15162,84.56053,35.84788454736842,0.45275,332.6579,,,,,,,18.336516335227273,0.0,55.073,,,,,,,8.168079096045197,0.0,29.0,,,,,,,180.48978417266187,0.5,355.9,3.947482014388489,0.2,11.0,15.610791366906474,6.8,26.7
101,2023-11-01,39.75972670833333,1.29721,88.16005,11.09694491780822,0.06547,129.38851,22.749614993150686,1.75219,64.05096,39.76469266438356,2.02186,247.03437,,,,,,,14.13083515731874,0.0,51.209,,,,,,,6.509015256588072,0.0,24.0,,,,,,,194.14127198917456,0.7,359.3,4.681326116373477,0.2,12.7,11.57131258457375,3.1,21.0
102,2023-12-01,42.4074159486448,0.79828,81.87359,16.83049526093089,0.09991,218.24185,23.792764386459805,0.26643,76.18815,49.59916299717912,0.66241,391.22362,,,,,,,17.40128745519713,0.0,84.059,,,,,,,8.512265512265513,0.0,80.0,,,,,,,224.57250000000002,0.1,359.5,5.5193055555555555,0.0,15.7,7.421111111111111,-1.8,13.6
103,2024-01-01,48.79026739255014,1.29721,85.74858,12.37870965068493,0.0,292.22351,20.647388938356162,0.00896,76.55475,39.627811589041094,0.57815,495.35911,,,,,,,15.584182067077345,0.0,99.519,,,,,,,7.805825242718447,0.0,92.0,,,,,,,224.63306342780027,0.5,359.6,6.66855600539811,0.0,14.7,6.754251012145748,-3.7,12.1
